doctor_id,first_name,last_name,specialization,phone,email,years_of_experience,license_number,department,created_at
1,Laurence,Keebler,Neurology,(293) 783-3359 x19424,Wayne.OConner88@gmail.com,27,BSAE6fHhmn,General,2026-03-15T15:02:18.244Z
2,Barbara,Rogahn,Neurology,905.226.7507 x62259,Shayne.Keeling81@hotmail.com,36,schRngSxQS,Surgery,2026-03-15T15:02:18.244Z
3,Wilburn,Marks,Pediatrics,937-720-0886,Natasha_Dare-Connelly@yahoo.com,40,XWWOZ1yfGn,Emergency,2026-03-15T15:02:18.244Z
4,Elliot,Haley,Dermatology,356-868-7290 x71102,Cheyenne_Steuber@gmail.com,14,GvPwY4pFTd,General,2026-03-15T15:02:18.244Z
5,Norman,Steuber,Orthopedics,(592) 675-3471,Jalyn75@gmail.com,17,WOBZohHVgY,General,2026-03-15T15:02:18.244Z
6,Hannah,Bahringer,Dermatology,336.445.5695 x8171,Sheryl_Hilll@hotmail.com,36,aUduf53gYg,Surgery,2026-03-15T15:02:18.244Z
7,Ervin,Goodwin,Neurology,(725) 384-6638,Desiree.Weber91@yahoo.com,19,G9zY8btn5R,Outpatient,2026-03-15T15:02:18.244Z
8,Maye,Emmerich,Orthopedics,301-220-4480 x841,Jay44@gmail.com,30,lPVO2EICtS,Emergency,2026-03-15T15:02:18.244Z
9,Daryl,O'Conner,Dermatology,682.585.2225 x924,Elisa77@yahoo.com,15,756wyIAeJm,Surgery,2026-03-15T15:02:18.244Z
10,Berenice,Sanford,Neurology,365.302.5770,Lauretta50@yahoo.com,35,ge3SrltYHW,Emergency,2026-03-15T15:02:18.244Z
11,Maureen,Kunze,Orthopedics,964.965.8194 x5852,Burnice.Hegmann@yahoo.com,9,VA85srACje,Surgery,2026-03-15T15:02:18.245Z
12,George,Howe,Pediatrics,(920) 336-4542 x059,Tracy_Marks18@hotmail.com,22,dudbyaQitI,Emergency,2026-03-15T15:02:18.245Z
13,Kathryne,Schultz,Orthopedics,(236) 661-6245 x2910,Earlene37@yahoo.com,5,iRR7ieghUw,Outpatient,2026-03-15T15:02:18.245Z
14,Bennie,Dibbert,Dermatology,479.868.5901 x8562,Ramon24@hotmail.com,35,BjgS7KGzUg,General,2026-03-15T15:02:18.245Z
15,Reilly,Stokes,Orthopedics,1-628-351-7799 x98291,Brandon_Hettinger88@gmail.com,17,brQszvsRfQ,Surgery,2026-03-15T15:02:18.245Z
16,Tabitha,Schroeder,Cardiology,1-438-315-1773 x449,Alexandro_McDermott13@hotmail.com,17,FT0DuDbrQH,General,2026-03-15T15:02:18.245Z
17,Terrell,West,Cardiology,240.225.5611,Alexandro67@hotmail.com,24,KSjLhYAsnu,Emergency,2026-03-15T15:02:18.245Z
18,Aubree,Pollich,Pediatrics,504-560-0633 x197,Terry_OKon91@hotmail.com,32,C1IeUxVh8b,General,2026-03-15T15:02:18.245Z
19,Bryan,Mueller-Gleason,Pediatrics,392.762.8856 x682,Rodney.Douglas78@yahoo.com,6,9M6PUBgV21,Emergency,2026-03-15T15:02:18.245Z
20,Joe,Parker,Cardiology,1-775-750-1677 x67064,Stephen90@hotmail.com,14,1ScpzEgM1h,Surgery,2026-03-15T15:02:18.245Z
21,Okey,Brakus,Orthopedics,502-876-9758 x732,Dillan44@hotmail.com,17,QOxIw5IAT6,Surgery,2026-03-15T15:02:18.245Z
22,Issac,Swift,Pediatrics,1-487-497-5192 x517,Frederik_Schmeler@gmail.com,33,sH7LywnUN7,Outpatient,2026-03-15T15:02:18.245Z
23,Elmira,Jenkins,Cardiology,387.525.1623 x05823,Harry.Greenholt77@hotmail.com,13,0uImurkIUQ,Surgery,2026-03-15T15:02:18.245Z
24,Shanel,Gorczany,Pediatrics,376-552-1538 x6308,Brisa_Hermann13@gmail.com,25,IkOLIVbhCu,General,2026-03-15T15:02:18.245Z
25,Pam,McLaughlin,Orthopedics,1-472-611-7397 x3237,Tyler.Altenwerth40@gmail.com,18,3xUukYHhjW,Outpatient,2026-03-15T15:02:18.245Z
26,Elvira,Murray,Orthopedics,(925) 492-5435 x825,Ralph.Kris25@gmail.com,4,oincOhSKmk,Surgery,2026-03-15T15:02:18.245Z
27,Rudy,Keebler,Pediatrics,703.987.1463 x8495,Vincenza.Lesch@yahoo.com,13,CoboDO5fkY,Emergency,2026-03-15T15:02:18.245Z
28,Gustavo,Conn,Neurology,1-760-855-4088 x9694,Jeromy.Carter27@yahoo.com,27,dP3ZtJ4g0X,Surgery,2026-03-15T15:02:18.245Z
29,Daniella,DuBuque,Dermatology,(215) 749-4043 x68400,Rosemarie_Gusikowski91@gmail.com,11,1qStiPzRX3,General,2026-03-15T15:02:18.245Z
30,Jeremiah,Block,Neurology,(606) 956-1022 x5365,Alan.Durgan@hotmail.com,15,dh44OowrZP,Outpatient,2026-03-15T15:02:18.245Z
31,Lois,Walsh,Dermatology,546-220-7425 x944,Bette83@hotmail.com,40,vJ7oO9DOQK,General,2026-03-15T15:02:18.245Z
32,Kenny,Hettinger,Orthopedics,1-383-666-2656 x6412,Lesly_Wisoky56@yahoo.com,35,bO1pjSHIhr,Surgery,2026-03-15T15:02:18.245Z
33,Clay,Rau,Cardiology,(698) 625-0617,Jordan.Herzog92@gmail.com,13,I9J6If7Jyq,Surgery,2026-03-15T15:02:18.245Z
34,Reva,Lockman,Neurology,588.996.6054 x2589,Kenyatta56@hotmail.com,27,6qePG8Kxx0,Outpatient,2026-03-15T15:02:18.245Z
35,Omari,Kiehn,Pediatrics,775.382.7501 x3474,Justus.Heidenreich11@hotmail.com,27,LtKxbqP8kk,Emergency,2026-03-15T15:02:18.245Z
36,Mable,Halvorson,Neurology,(804) 930-6884,Esther_Murray@yahoo.com,37,QbRggBzl8k,Outpatient,2026-03-15T15:02:18.245Z
37,Brandy,Morar,Pediatrics,596.507.3253 x749,Verla_Goldner@gmail.com,34,AenUaDwcax,Emergency,2026-03-15T15:02:18.245Z
38,Mohammad,Crist-O'Connell,Cardiology,1-586-329-6881 x2197,Mildred_Marvin51@yahoo.com,20,ioJQNQHLJL,Outpatient,2026-03-15T15:02:18.245Z
39,Kaylin,Bechtelar,Dermatology,840.783.7100 x98187,Jenna40@gmail.com,6,RFOVtvf6hT,Outpatient,2026-03-15T15:02:18.245Z
40,Alberto,Ankunding,Dermatology,(678) 536-9867 x5777,Madalyn_Fahey@hotmail.com,15,FsmFH2wKgC,General,2026-03-15T15:02:18.245Z
41,Darrin,Lockman,Cardiology,1-201-471-9682 x6758,Sue_Keeling85@hotmail.com,17,rmCm2YghVd,Surgery,2026-03-15T15:02:18.245Z
42,Delbert,Goldner-Schuster,Cardiology,(397) 755-5832 x6537,Cecelia82@hotmail.com,20,lnRCmhvITM,Surgery,2026-03-15T15:02:18.245Z
43,Malcolm,Frami,Orthopedics,458-835-9672,Abigail.Hintz14@gmail.com,14,qj3rSE2R6e,General,2026-03-15T15:02:18.245Z
44,Myron,Hodkiewicz-Schmitt,Orthopedics,767-850-3051,Elinore.Murphy-Steuber@hotmail.com,13,cYpOV8n5YW,Outpatient,2026-03-15T15:02:18.245Z
45,Sheryl,Hackett,Cardiology,(602) 589-5158 x1391,Kira_Auer@yahoo.com,26,Pvc9IYCXzQ,General,2026-03-15T15:02:18.245Z
46,Jordy,Monahan-Emard,Dermatology,273.973.1149 x47142,Andy.Bailey@gmail.com,2,1j0LDWecew,Surgery,2026-03-15T15:02:18.245Z
47,Emanuel,Hintz,Neurology,546.741.2034 x9313,Anahi.Ankunding@gmail.com,39,vDWA9Vb7Wi,Emergency,2026-03-15T15:02:18.245Z
48,Trevor,Reilly,Dermatology,(682) 742-4967 x909,Mercedes.Bode@gmail.com,1,7tt99UINhE,Outpatient,2026-03-15T15:02:18.245Z
49,Myrtle,Kozey,Pediatrics,1-512-811-4935,Terri.Jaskolski@yahoo.com,27,AZ3NFA1nkU,General,2026-03-15T15:02:18.245Z
50,Sabrina,Hettinger,Cardiology,935-426-4152 x9313,Obie.Leannon52@hotmail.com,11,cTP83iV0rC,Emergency,2026-03-15T15:02:18.245Z
51,Stacy,Brekke-Wilkinson,Pediatrics,391.859.4796 x1469,Ryann.Yost@hotmail.com,6,ochfvn6bdq,Outpatient,2026-03-15T15:02:18.245Z
52,Shanie,Weimann,Cardiology,773.469.6962 x942,Jorge_Paucek@yahoo.com,38,4k3kvQ9pn3,Emergency,2026-03-15T15:02:18.245Z
53,Alexander,Spinka,Pediatrics,483.391.9220 x127,Nat42@hotmail.com,8,NBT9tbL7JL,Emergency,2026-03-15T15:02:18.245Z
54,Kendra,Bins,Cardiology,300-513-4612 x914,Rhonda.Franecki@yahoo.com,3,9K3EQj8sFg,Emergency,2026-03-15T15:02:18.245Z
55,Ora,Kulas,Pediatrics,353-668-8465 x18172,Alyssa.Larkin@gmail.com,32,BNeEqt6IgM,Outpatient,2026-03-15T15:02:18.245Z
56,Carolyn,Stiedemann,Pediatrics,413-412-7348,Darwin.Hyatt@gmail.com,24,7ZGQ2umg2Z,Outpatient,2026-03-15T15:02:18.245Z
57,Sam,Kshlerin,Cardiology,332.884.2439 x71938,Carroll36@yahoo.com,17,iTO2g7QX0E,Outpatient,2026-03-15T15:02:18.245Z
58,Manuel,Fritsch-Hilll,Dermatology,1-701-969-6748,Ana.Tillman37@gmail.com,7,NAPPDB7fOZ,Outpatient,2026-03-15T15:02:18.245Z
59,Imelda,Cole,Dermatology,887.393.1486 x6572,Vickie89@gmail.com,7,CoL1TFbCYU,Surgery,2026-03-15T15:02:18.245Z
60,Jaime,Glover,Cardiology,967-431-1917 x8161,Geoffrey.Smitham@yahoo.com,10,3SU6ALSB2U,Surgery,2026-03-15T15:02:18.245Z
61,Leanna,Zboncak,Cardiology,(463) 918-1905 x251,Jacquelyn54@gmail.com,33,uGyT0f0Vyc,General,2026-03-15T15:02:18.245Z
62,Clay,Reinger,Neurology,626-760-5189,Braxton_Lind@gmail.com,19,vs4MkrKdxQ,Emergency,2026-03-15T15:02:18.245Z
63,Jane,Schimmel,Neurology,235-878-3902 x430,Agnes.Blanda@hotmail.com,36,jvaMS7qvtp,Surgery,2026-03-15T15:02:18.245Z
64,Audrey,Russel,Cardiology,(703) 625-8066 x406,Derek57@gmail.com,23,zwQlBbvRhl,Outpatient,2026-03-15T15:02:18.245Z
65,Ellen,Erdman,Orthopedics,1-876-865-1355 x7827,Kristy.Stehr-Leuschke@yahoo.com,1,Z81wcuB9hy,Outpatient,2026-03-15T15:02:18.245Z
66,Theresia,Murphy,Neurology,1-216-705-6852 x984,Fannie.Kemmer45@yahoo.com,23,2vYhqtKoh3,Emergency,2026-03-15T15:02:18.245Z
67,Teagan,Dickinson,Dermatology,283.877.7191 x7376,Chelsie_Runolfsson@gmail.com,4,OlrPzWO01D,Emergency,2026-03-15T15:02:18.245Z
68,Tim,Moen,Pediatrics,1-941-568-9483 x43986,Nelson64@gmail.com,31,vm65BMIwYG,Outpatient,2026-03-15T15:02:18.245Z
69,Lew,Lind,Orthopedics,(426) 509-2079,Orin.Leannon@yahoo.com,18,Wa5NHa4IAP,Outpatient,2026-03-15T15:02:18.245Z
70,Gene,Willms,Pediatrics,697.679.9014 x9220,Retta.Kemmer64@yahoo.com,40,zgfvCrHw4d,General,2026-03-15T15:02:18.245Z
71,William,Willms,Dermatology,822.939.2700 x353,Modesta_McDermott@yahoo.com,35,wqQdSQbfqx,Outpatient,2026-03-15T15:02:18.245Z
72,Joanna,Hettinger,Neurology,1-776-287-1926 x02199,Lynne_Hansen@yahoo.com,30,kILqwcxciH,General,2026-03-15T15:02:18.245Z
73,Berry,Veum-Dickens,Cardiology,(845) 489-3068 x9065,Maegan.Grady36@yahoo.com,16,iBym7XYams,Emergency,2026-03-15T15:02:18.245Z
74,Helene,Ward,Neurology,822.388.2402 x2478,Spencer_Klocko@yahoo.com,9,CRzdCE5fL6,Emergency,2026-03-15T15:02:18.245Z
75,Guy,Murphy,Neurology,635-482-4620 x7884,Bartholome.Stamm44@gmail.com,35,iHH3pgGysA,General,2026-03-15T15:02:18.245Z
76,Norval,Weimann,Orthopedics,432.214.4605 x719,Peggy79@hotmail.com,39,I4ZttOfQE5,Outpatient,2026-03-15T15:02:18.245Z
77,Mollie,Hirthe,Pediatrics,1-626-978-0298 x0138,Rex73@gmail.com,4,bjzQTs38rp,General,2026-03-15T15:02:18.245Z
78,Krystal,Witting,Orthopedics,405-715-3595 x954,Noble13@gmail.com,38,nc9Re7qYeV,Outpatient,2026-03-15T15:02:18.245Z
79,Emery,Schamberger,Cardiology,(922) 701-3068 x03532,Bettye68@hotmail.com,30,kGlAXtzY9Y,Outpatient,2026-03-15T15:02:18.245Z
80,Bethany,Herman,Cardiology,1-682-703-6562 x2826,Amos_Hills@gmail.com,3,KP79AYP0tQ,Outpatient,2026-03-15T15:02:18.245Z
81,Nicole,Heidenreich,Neurology,548-572-9530,Furman_Brekke85@gmail.com,22,M4v5G1Jim5,Emergency,2026-03-15T15:02:18.245Z
82,Meda,Padberg,Orthopedics,455.830.1613 x5217,Arnulfo.Jakubowski@yahoo.com,25,V4kGj5owb9,Emergency,2026-03-15T15:02:18.245Z
83,Maryann,Buckridge,Pediatrics,1-818-514-4326 x02742,Tommie31@yahoo.com,27,iL3MVcSeXi,Outpatient,2026-03-15T15:02:18.245Z
84,Byron,Weissnat,Pediatrics,1-553-243-9762 x4472,Frankie52@gmail.com,22,8b6qtb8j2Y,Outpatient,2026-03-15T15:02:18.245Z
85,Nico,Littel,Pediatrics,577-492-8657 x85302,Erin96@hotmail.com,19,FLShYmURx7,Outpatient,2026-03-15T15:02:18.245Z
86,Rene,Huels,Pediatrics,1-340-729-8933 x721,Philip_Mayer21@hotmail.com,8,sETyjlYXKB,Emergency,2026-03-15T15:02:18.245Z
87,Pauline,Roob,Cardiology,1-280-785-2706 x068,Breanne30@gmail.com,11,NhP8spVSn4,Surgery,2026-03-15T15:02:18.245Z
88,Stacy,Dickens,Pediatrics,(916) 525-9983 x43185,Pat91@hotmail.com,1,h3QrYCTZtG,Emergency,2026-03-15T15:02:18.245Z
89,Betty,McGlynn,Dermatology,537.861.9084,Hortense_Hoeger@hotmail.com,33,gMtMcxpDit,Outpatient,2026-03-15T15:02:18.245Z
90,Ashley,Schuster,Neurology,818.559.0970 x968,Melvina.Jast9@yahoo.com,16,FQmmrgiTN9,Emergency,2026-03-15T15:02:18.245Z
91,Robert,Klein,Dermatology,1-682-820-4201 x4803,Adalberto_Halvorson57@gmail.com,21,50J1B4SmgO,General,2026-03-15T15:02:18.245Z
92,Ronnie,Lehner,Neurology,773-290-6816 x053,Bert_Boyer20@gmail.com,14,ow10bOrb49,General,2026-03-15T15:02:18.245Z
93,Fernando,Strosin-Stroman,Neurology,559.218.9666 x388,Shanny.Wisoky@hotmail.com,17,A5SOSzSNkU,General,2026-03-15T15:02:18.245Z
94,Myra,Cummerata,Orthopedics,(492) 209-9806,Tracy40@yahoo.com,18,vTZmHMogkp,Outpatient,2026-03-15T15:02:18.245Z
95,Bridget,Goodwin,Pediatrics,(692) 684-6502 x9049,Wanda.Reynolds30@hotmail.com,5,DQQGMbddSm,General,2026-03-15T15:02:18.245Z
96,Hollis,Harvey,Cardiology,(325) 973-2439 x2640,Angel40@yahoo.com,27,RDIkCBC6WP,Surgery,2026-03-15T15:02:18.245Z
97,Spencer,Kohler,Orthopedics,988.709.1643 x23606,Gene.Farrell87@hotmail.com,18,DrNdBgXBEP,Emergency,2026-03-15T15:02:18.245Z
98,Zachery,Mraz,Neurology,(592) 554-3971 x87904,Alexis_Willms53@yahoo.com,28,ppqYVYWlm7,Emergency,2026-03-15T15:02:18.245Z
99,Darien,Dicki,Dermatology,629.848.2065 x1124,Willie64@yahoo.com,33,0Iceawx9te,Outpatient,2026-03-15T15:02:18.245Z
100,Chesley,Waters,Neurology,603-487-2031,Ella_Gottlieb@gmail.com,26,uByErRnb9g,General,2026-03-15T15:02:18.245Z
101,Chadd,Schulist,Cardiology,823-532-0470 x647,Loyce32@gmail.com,7,R88QsKOUoF,Outpatient,2026-03-15T15:02:18.245Z
102,Ben,Hickle,Orthopedics,(893) 691-3987,Garry_Nikolaus60@gmail.com,30,s6AqTCXodG,Outpatient,2026-03-15T15:02:18.246Z
103,Robyn,Renner,Orthopedics,237.786.0889,Courtney56@yahoo.com,4,hDmE3A1wsZ,Outpatient,2026-03-15T15:02:18.246Z
104,Earl,Monahan,Neurology,(868) 747-6530 x24729,Harry.Becker55@hotmail.com,14,iW44QvaeWW,Outpatient,2026-03-15T15:02:18.246Z
105,Dario,Anderson,Dermatology,(261) 568-1893 x763,Gustavo20@hotmail.com,35,cAOGCc8MyR,Surgery,2026-03-15T15:02:18.246Z
106,Lee,Torphy,Pediatrics,1-879-979-1165 x17037,Tracy.Bins@gmail.com,18,mc0NdMiYoR,Surgery,2026-03-15T15:02:18.246Z
107,Kody,Armstrong,Cardiology,534-463-1298 x17523,Bill_Carter62@hotmail.com,35,xnpI2bnZ82,General,2026-03-15T15:02:18.246Z
108,Marguerite,Lemke,Orthopedics,1-679-222-2151,Loretta_Powlowski@gmail.com,2,5ygf3UDynx,Surgery,2026-03-15T15:02:18.246Z
109,Maryann,Terry,Cardiology,400-871-6647 x51283,Earnest76@hotmail.com,31,jKw4wvsmz7,Emergency,2026-03-15T15:02:18.246Z
110,Connie,Lebsack,Cardiology,593.805.0503 x4682,Kira.Gulgowski32@yahoo.com,39,wm1oixKryS,Surgery,2026-03-15T15:02:18.246Z
111,Bridget,Berge,Orthopedics,617-201-4258,Pearl93@hotmail.com,10,x2bf9JZQ6b,Surgery,2026-03-15T15:02:18.246Z
112,Veronica,Schimmel,Dermatology,458-389-2529 x83496,Diana_Kovacek@hotmail.com,30,gi0Cn8HMJG,General,2026-03-15T15:02:18.246Z
113,Annabell,McClure,Cardiology,(599) 448-8111 x603,Cecelia_Thompson29@hotmail.com,1,wJGrOE1hTP,Surgery,2026-03-15T15:02:18.246Z
114,Estel,Kuhic,Dermatology,664.647.8705 x65137,Claire_Schowalter@yahoo.com,11,gxWb5OcYR5,Outpatient,2026-03-15T15:02:18.246Z
115,Jeffrey,Parisian,Pediatrics,628.776.1744 x279,Ottis.Pfeffer@hotmail.com,8,UeFWwsPnDr,General,2026-03-15T15:02:18.246Z
116,Fernando,Kuvalis,Dermatology,959.706.0681 x763,Leland34@gmail.com,19,7gJOEkmMQc,Emergency,2026-03-15T15:02:18.246Z
117,Octavia,Murphy-Nitzsche,Pediatrics,819-546-6468 x52708,Heidi.Glover23@gmail.com,18,vlCtfkZ0bi,Emergency,2026-03-15T15:02:18.246Z
118,Minnie,DuBuque,Neurology,599.496.2095 x26009,Isai38@gmail.com,2,8PUb82eQub,General,2026-03-15T15:02:18.246Z
119,Annamae,Yost,Cardiology,620-668-1359 x569,Brett.Schulist@hotmail.com,9,93wZ9j4FiT,General,2026-03-15T15:02:18.246Z
120,Bobbie,Kuvalis,Orthopedics,1-979-215-5026 x655,Raul_Russel95@yahoo.com,21,MGWoETxomR,Outpatient,2026-03-15T15:02:18.246Z
121,Eric,Rosenbaum,Dermatology,515.499.0441 x135,Eddie_Mueller33@yahoo.com,37,ida7Cs57Me,Outpatient,2026-03-15T15:02:18.246Z
122,Micheal,Ondricka,Orthopedics,1-996-480-7359 x61232,Johnnie_Conroy27@hotmail.com,38,RiLOpyXUGN,Outpatient,2026-03-15T15:02:18.246Z
123,Mable,Bahringer,Neurology,1-592-203-0355,Allen.Jerde29@hotmail.com,12,LMyBhy4tGs,Outpatient,2026-03-15T15:02:18.246Z
124,Eda,Lockman,Dermatology,491.924.1309,Raquel.Harber@gmail.com,19,vw5V2pWbcU,Outpatient,2026-03-15T15:02:18.246Z
125,Timmy,Yost,Dermatology,(813) 368-6179 x46506,Olaf75@hotmail.com,28,gqHG1x2FH2,Emergency,2026-03-15T15:02:18.246Z
126,Ann,Rempel,Orthopedics,294-889-1401 x6356,Preston.Zboncak@hotmail.com,3,6KGKvRJSKz,Surgery,2026-03-15T15:02:18.246Z
127,Clark,Schmidt,Pediatrics,(429) 947-4055,Marcia.Bahringer@hotmail.com,36,sWxoIzuiFn,Surgery,2026-03-15T15:02:18.246Z
128,Kurt,Douglas,Pediatrics,(574) 615-5227 x253,Gloria_Effertz66@yahoo.com,10,zrdYwvkDRV,Surgery,2026-03-15T15:02:18.246Z
129,Payton,Harber,Cardiology,738-569-1220,Roosevelt20@yahoo.com,22,SOZALZ5KYk,Surgery,2026-03-15T15:02:18.246Z
130,Whitney,Schaden,Dermatology,1-741-646-3039,Hailey.Ratke9@yahoo.com,40,4soxGT1mJG,General,2026-03-15T15:02:18.246Z
131,Ryan,Spencer,Pediatrics,860-571-8610 x6475,Nichole_Yundt20@gmail.com,31,EIQT1eSUdj,General,2026-03-15T15:02:18.246Z
132,Norman,Breitenberg,Dermatology,716.759.9136 x0344,Earnest.Bahringer@hotmail.com,24,sQ9X6Aw1pC,Outpatient,2026-03-15T15:02:18.246Z
133,Dominick,Sporer,Pediatrics,607.828.3777 x9926,Kenyon_Padberg@hotmail.com,13,8elfaSNQ0Y,Emergency,2026-03-15T15:02:18.246Z
134,Leroy,Durgan,Orthopedics,574-988-7701 x8858,Tami.Ryan85@yahoo.com,20,YsnhE2anLo,Surgery,2026-03-15T15:02:18.246Z
135,Samantha,Stanton-Turcotte,Neurology,201-805-6573 x2651,Louise_Bogisich@hotmail.com,20,4on8dfM42C,Surgery,2026-03-15T15:02:18.246Z
136,Paulette,Smith,Cardiology,(782) 311-4627,Irving.Beatty52@gmail.com,18,ich51j3iR2,Emergency,2026-03-15T15:02:18.246Z
137,Dejuan,Hane,Dermatology,1-571-218-7083 x21169,Jo.Ondricka10@yahoo.com,33,z5GUI40ILc,Emergency,2026-03-15T15:02:18.246Z
138,Stephanie,Beier,Pediatrics,728.614.0035 x10397,Akeem.Reynolds@gmail.com,40,BCBfmL8HxI,General,2026-03-15T15:02:18.246Z
139,Tommy,Murazik,Orthopedics,(769) 533-2986 x9082,Leroy96@yahoo.com,33,V45Bvt70qa,Surgery,2026-03-15T15:02:18.246Z
140,Merlin,Johnston,Pediatrics,(902) 508-3296,Joy50@gmail.com,40,qIAVkPusxA,Outpatient,2026-03-15T15:02:18.246Z
141,Dayana,Stanton,Orthopedics,(512) 979-3482 x6680,Amelia.Schiller46@yahoo.com,28,KkctbqEDYM,Outpatient,2026-03-15T15:02:18.246Z
142,Billie,Watsica,Orthopedics,(405) 728-9576 x574,Arnold_Powlowski12@gmail.com,32,hQG7cL7g3N,Emergency,2026-03-15T15:02:18.246Z
143,Darrel,Klein,Neurology,316.383.9706 x128,Keenan_Bartoletti49@gmail.com,26,YcIbOjh8Lp,Outpatient,2026-03-15T15:02:18.246Z
144,Andrew,Kihn,Neurology,672.370.0961,Sarina6@hotmail.com,7,p2D0ihWJmu,Outpatient,2026-03-15T15:02:18.246Z
145,Angelica,Schimmel,Orthopedics,466-415-4478 x2438,Jeanne_Kemmer29@yahoo.com,19,eUp8ibsygC,General,2026-03-15T15:02:18.246Z
146,Orlando,Zemlak,Dermatology,971-877-9495 x0173,Alvina.Emmerich@yahoo.com,17,KCg4UtgGuz,General,2026-03-15T15:02:18.246Z
147,Rene,Walter,Orthopedics,(672) 852-7348 x667,Ally12@yahoo.com,37,D4iPKdB1Ui,Outpatient,2026-03-15T15:02:18.246Z
148,Sherman,Murray,Orthopedics,(211) 379-0404 x47043,Merl.Stamm49@hotmail.com,3,VDctCsmCws,General,2026-03-15T15:02:18.246Z
149,Sophia,Sanford,Neurology,461-845-8563 x216,Lena.Mueller-Heathcote97@yahoo.com,17,APiBdt8FoJ,Emergency,2026-03-15T15:02:18.246Z
150,Andrew,Nader,Cardiology,(498) 245-4041,Hilton7@yahoo.com,22,S1UfvNyAsT,General,2026-03-15T15:02:18.246Z
151,Bridget,Bergstrom,Neurology,650-590-3076 x084,Allen95@yahoo.com,13,QpTCfzJrcW,Emergency,2026-03-15T15:02:18.246Z
152,Tina,Koch,Cardiology,879.648.0503 x9151,Lori_Schulist57@gmail.com,37,f4er7p16H0,General,2026-03-15T15:02:18.246Z
153,Elmore,Reilly,Pediatrics,295.510.1286,Shaylee.Nikolaus94@hotmail.com,28,xjJcxqsH2x,Surgery,2026-03-15T15:02:18.246Z
154,Nikko,Mayert,Pediatrics,618.837.8411,Nicholas_Zemlak@yahoo.com,25,JrTXuzj7Gg,Outpatient,2026-03-15T15:02:18.246Z
155,Kadin,Mills,Cardiology,(756) 480-4155 x4659,Yvette.VonRueden28@hotmail.com,9,AaseMOT7iW,Outpatient,2026-03-15T15:02:18.246Z
156,Homer,Wolf,Orthopedics,(641) 447-6350 x7485,Hilda47@gmail.com,25,TgLfw9yOyw,Surgery,2026-03-15T15:02:18.246Z
157,Travis,Koss,Dermatology,(250) 635-4174 x8752,Melody_Schinner@hotmail.com,18,ioaim6ZUbZ,Emergency,2026-03-15T15:02:18.246Z
158,Graham,Muller,Pediatrics,(213) 202-8896 x42574,Cathryn.Schaefer@hotmail.com,37,QmEiZtKfqI,Outpatient,2026-03-15T15:02:18.246Z
159,Angelo,Towne,Pediatrics,623-259-2122 x1238,Denise_Brakus-Satterfield78@yahoo.com,1,gbViMKaAza,Emergency,2026-03-15T15:02:18.246Z
160,Rodrigo,Cole,Cardiology,647.208.8774 x889,Joanne16@gmail.com,20,ZcKpn4SyZA,Outpatient,2026-03-15T15:02:18.246Z
161,Rosalia,Stracke,Orthopedics,1-295-927-8827,Marlin.Romaguera@hotmail.com,27,szwsfGXLLP,Outpatient,2026-03-15T15:02:18.246Z
162,Anna,Quitzon,Pediatrics,(290) 415-2274 x90735,Rafael.Rice51@hotmail.com,11,7I6UPLFogN,Surgery,2026-03-15T15:02:18.246Z
163,Clayton,Prohaska,Neurology,1-359-462-2836,Adrienne74@hotmail.com,20,AyE3cQFcmv,General,2026-03-15T15:02:18.246Z
164,Natasha,Predovic,Pediatrics,(486) 378-5834 x36912,Della.Connelly@gmail.com,8,WwFMGIwQGL,Outpatient,2026-03-15T15:02:18.246Z
165,Schuyler,Turcotte,Pediatrics,1-651-607-1905,Donavon54@gmail.com,29,DlicunyFWX,Outpatient,2026-03-15T15:02:18.246Z
166,Gene,Jenkins,Dermatology,489-343-2665 x5486,Edward.Wyman@gmail.com,24,26RxWSUbEl,General,2026-03-15T15:02:18.246Z
167,Earnest,Jones,Pediatrics,1-525-659-1763,Sam_Jerde90@hotmail.com,2,MAdrQBveOV,General,2026-03-15T15:02:18.246Z
168,Allen,Jakubowski,Cardiology,(214) 788-2571 x3549,Vicki.Schaden@gmail.com,16,ZEehdz1Syc,Emergency,2026-03-15T15:02:18.246Z
169,Wallace,Grimes,Orthopedics,314-313-7392 x72366,Lavern18@yahoo.com,40,vSfFvilnBX,Surgery,2026-03-15T15:02:18.246Z
170,Frederick,Langosh,Cardiology,(308) 398-5734,Della.Pfeffer@yahoo.com,7,RquoX0a6Y5,Surgery,2026-03-15T15:02:18.246Z
171,Neal,Hoppe,Dermatology,1-735-818-0372 x48683,Vella4@hotmail.com,1,hwbc0xYGbw,Surgery,2026-03-15T15:02:18.246Z
172,Brandi,Kassulke,Neurology,1-225-996-3025 x80718,Talon_Beahan26@gmail.com,9,0BdROlsciu,General,2026-03-15T15:02:18.246Z
173,Esta,Pacocha,Pediatrics,1-401-786-3891,Marcia_Deckow@hotmail.com,39,dIGCNxGwDa,Surgery,2026-03-15T15:02:18.246Z
174,Betsy,Considine,Pediatrics,825-818-8874 x26761,Shari43@gmail.com,2,UHPFJh5pfH,General,2026-03-15T15:02:18.246Z
175,Archibald,Roberts,Pediatrics,583.977.7374 x399,Wilhelmine80@gmail.com,13,uwC4g1comc,Outpatient,2026-03-15T15:02:18.246Z
176,Clemens,Rosenbaum,Dermatology,1-436-388-7006 x638,Kaci41@yahoo.com,7,QT71Ui3DoD,Outpatient,2026-03-15T15:02:18.246Z
177,Raymond,Gleichner,Neurology,(847) 710-0435 x11240,Elias_Price61@yahoo.com,30,ORHQM3hpOw,Emergency,2026-03-15T15:02:18.246Z
178,Olga,Ferry,Cardiology,1-263-853-0595 x01072,Josephine.Senger@hotmail.com,22,89nsXoPTDX,General,2026-03-15T15:02:18.246Z
179,Isac,Kreiger,Dermatology,554.831.4896 x226,Fidel25@hotmail.com,24,mcrZhlawHH,General,2026-03-15T15:02:18.246Z
180,Donald,Hoppe,Cardiology,332-853-3293,Gladys.Braun@gmail.com,25,nDGYzq2ZUW,Surgery,2026-03-15T15:02:18.246Z
181,Cristina,Macejkovic,Dermatology,1-935-603-6809 x1518,Marco_Kutch@gmail.com,15,hl6DOlQTuo,Outpatient,2026-03-15T15:02:18.246Z
182,Clint,Ritchie,Cardiology,892-429-8367,Jaycee_Hirthe4@gmail.com,35,N5JWlwSnnZ,General,2026-03-15T15:02:18.246Z
183,Ramona,DuBuque,Cardiology,1-907-956-6333 x32686,Jesus55@hotmail.com,1,Oh5Xf5iKbf,General,2026-03-15T15:02:18.246Z
184,Francis,Bahringer,Orthopedics,563-343-9852 x3928,Johnathan40@yahoo.com,2,tmpdjf0LBL,Outpatient,2026-03-15T15:02:18.246Z
185,Trenton,Adams,Neurology,360-540-7664,Verna13@gmail.com,25,0ov5HYE97a,Emergency,2026-03-15T15:02:18.246Z
186,Greyson,Boyer,Orthopedics,1-444-454-0027,Amber_Schuster30@gmail.com,40,CFPZTH9Bsf,Outpatient,2026-03-15T15:02:18.246Z
187,Audra,Padberg,Orthopedics,1-278-480-0787 x46678,Arturo_Pacocha@yahoo.com,16,KhNSBmzfEM,General,2026-03-15T15:02:18.246Z
188,Elvira,Tromp,Dermatology,(872) 950-7668 x196,Misty35@hotmail.com,16,yQwfu8BLej,Outpatient,2026-03-15T15:02:18.246Z
189,Clyde,Ratke,Dermatology,(447) 508-5910 x8818,Daisy87@hotmail.com,38,ilAfgJfFU5,Emergency,2026-03-15T15:02:18.246Z
190,Chester,Dicki,Orthopedics,(763) 421-5705 x5256,Kathy_Keebler35@yahoo.com,40,SHlrWBcCj1,Surgery,2026-03-15T15:02:18.246Z
191,Bryan,Osinski,Neurology,(530) 482-1781 x60601,Gail_Heller92@gmail.com,8,I2qlhAtENY,Surgery,2026-03-15T15:02:18.246Z
192,Colt,Schroeder,Orthopedics,1-926-636-6961 x141,Juan2@hotmail.com,14,sUQFnju8AQ,Outpatient,2026-03-15T15:02:18.246Z
193,Edmond,Rutherford,Orthopedics,874-958-1226 x0403,Daisha.Terry@hotmail.com,17,Ma6faQhG7P,Surgery,2026-03-15T15:02:18.246Z
194,Julian,Gerlach,Dermatology,(302) 919-0874,Faith5@yahoo.com,15,ythaRWTwD8,Surgery,2026-03-15T15:02:18.246Z
195,Jennie,Howe,Dermatology,1-695-306-8409,Pat96@hotmail.com,19,icORR9yIEf,Outpatient,2026-03-15T15:02:18.246Z
196,Holden,Wolf,Dermatology,(401) 962-6770 x76759,Roxanne.Harber82@hotmail.com,37,HSzSDCGilR,Emergency,2026-03-15T15:02:18.246Z
197,Thurman,Dickens,Cardiology,(750) 385-2228,Hellen16@gmail.com,2,b8upNlPRXZ,Emergency,2026-03-15T15:02:18.246Z
198,Isabell,Dickinson,Orthopedics,1-278-757-1081,Cody.Thompson92@hotmail.com,9,JOZ2ENStW5,Outpatient,2026-03-15T15:02:18.246Z
199,Gerardo,Grimes,Pediatrics,(296) 674-8863,Danielle.Zieme42@hotmail.com,7,sVqkNRHi7f,Outpatient,2026-03-15T15:02:18.246Z
200,Leland,Mitchell,Dermatology,890.869.5556 x01556,Guadalupe.Bins11@yahoo.com,19,FiO1NtAZmv,Emergency,2026-03-15T15:02:18.246Z
201,Barbara,Bins,Cardiology,737-465-2526 x11262,Vickie13@yahoo.com,37,0LksXGLXBK,Outpatient,2026-03-15T15:02:18.246Z
202,Walter,Hoeger,Dermatology,309-322-3470 x6827,Melyssa_Larkin-Wintheiser87@hotmail.com,34,5ZHjv9WKve,General,2026-03-15T15:02:18.246Z
203,Edwardo,Kessler,Neurology,1-511-348-6572 x801,Shania.Towne94@yahoo.com,39,ucM7Ks7Ani,General,2026-03-15T15:02:18.246Z
204,Alice,Dibbert,Orthopedics,334.202.5422 x0860,Alexanne_Doyle82@yahoo.com,28,Uz5EhGxL03,Surgery,2026-03-15T15:02:18.246Z
205,Claire,Mills,Pediatrics,836.675.1740 x851,Lamar93@gmail.com,7,9wZ6kCghtX,Outpatient,2026-03-15T15:02:18.246Z
206,Amparo,Bayer,Dermatology,1-834-503-1082,Florence.Metz60@gmail.com,3,2jLJfEKArU,General,2026-03-15T15:02:18.246Z
207,Mckenna,Casper,Pediatrics,585.363.6514,Russ_Braun63@gmail.com,34,eay03GDqsn,Surgery,2026-03-15T15:02:18.247Z
208,Nina,Johnston,Pediatrics,(960) 269-7507 x38397,Gaetano5@hotmail.com,37,JjT8Z9h27O,Outpatient,2026-03-15T15:02:18.247Z
209,Dora,Corwin,Neurology,1-633-975-2619,Esmeralda.Hauck47@yahoo.com,13,P9YFrGO34J,Emergency,2026-03-15T15:02:18.247Z
210,Lou,Brakus,Cardiology,447-397-0730 x68774,Ginger_Senger@gmail.com,30,Tx2tN7boA9,Outpatient,2026-03-15T15:02:18.247Z
211,Marie,Ullrich,Pediatrics,1-472-660-7662 x609,Reginald6@yahoo.com,30,XzdgsjIECp,Surgery,2026-03-15T15:02:18.247Z
212,Harold,Zieme,Neurology,434-200-5793,Euna79@gmail.com,9,mJF39USptk,General,2026-03-15T15:02:18.247Z
213,Marley,Buckridge,Dermatology,643-773-9743 x19299,Desiree_Haag72@yahoo.com,8,9u9UE2QneS,General,2026-03-15T15:02:18.247Z
214,Carmel,Leuschke,Dermatology,668.418.3472,Darla15@yahoo.com,3,ZdZDDtAfyQ,Emergency,2026-03-15T15:02:18.247Z
215,Gladys,Greenholt,Neurology,346.410.1281 x7121,Randall.Kuphal39@yahoo.com,5,CIx1OGHBrl,Outpatient,2026-03-15T15:02:18.247Z
216,Ted,Hilll,Neurology,1-595-643-2828 x9392,Raul_Cormier70@gmail.com,6,YZ9UBCeZAp,Emergency,2026-03-15T15:02:18.247Z
217,Sue,Moore,Neurology,1-727-238-6239,Bradford.Reilly38@gmail.com,33,GsLluQRO7L,General,2026-03-15T15:02:18.247Z
218,Seth,Kris,Orthopedics,(635) 746-2051,Adriel40@hotmail.com,17,MwlwFYrig6,Surgery,2026-03-15T15:02:18.247Z
219,Geraldine,Monahan,Orthopedics,708-292-0500,Allison.Hilll@hotmail.com,5,4nrhR6DupP,General,2026-03-15T15:02:18.247Z
220,Jeremy,Bayer,Orthopedics,(310) 917-5543 x236,Betty.Braun@gmail.com,40,9pYwzpI7VL,Emergency,2026-03-15T15:02:18.247Z
221,Marilie,Kunze,Dermatology,(352) 443-7505 x96761,Bill.Langworth76@yahoo.com,2,lq6MURd3PI,Emergency,2026-03-15T15:02:18.247Z
222,Murray,Glover,Pediatrics,1-639-353-1191 x3804,Blanche9@yahoo.com,26,DUSe2Gd0hV,Emergency,2026-03-15T15:02:18.247Z
223,Philip,Abernathy,Cardiology,385.820.5809 x28813,Brittany79@hotmail.com,7,6aWlIamJde,Surgery,2026-03-15T15:02:18.247Z
224,Boyd,Beahan,Cardiology,1-509-618-3578,Gerry_Gusikowski@hotmail.com,2,KMcWMrQRN8,Surgery,2026-03-15T15:02:18.247Z
225,Guillermo,Smith,Neurology,625.359.1476,Noe_Swift12@gmail.com,27,7rnWaJIXMi,Emergency,2026-03-15T15:02:18.247Z
226,Heidi,Lebsack,Dermatology,1-436-830-2896 x09510,Kris26@yahoo.com,9,xRw7ULFMte,Emergency,2026-03-15T15:02:18.247Z
227,Salvatore,White-Ledner,Dermatology,(558) 971-5877 x109,Lindsey77@hotmail.com,3,XSTmFdKCV4,Surgery,2026-03-15T15:02:18.247Z
228,Elijah,Lemke,Pediatrics,1-719-943-5560 x06542,Fredrick45@hotmail.com,28,o58OaDk5WZ,Emergency,2026-03-15T15:02:18.247Z
229,Uriel,Cormier,Dermatology,(263) 279-7831 x5433,Patsy18@hotmail.com,7,aCkd2hxmaJ,Surgery,2026-03-15T15:02:18.247Z
230,Blanca,Baumbach-Rath,Orthopedics,465.234.2990 x24676,Frederick5@hotmail.com,2,kf0eBMSCMq,Outpatient,2026-03-15T15:02:18.247Z
231,Alexys,Kshlerin,Dermatology,1-444-231-7552 x31014,Ignacio.Rath79@gmail.com,7,GXysx4WoXN,Outpatient,2026-03-15T15:02:18.247Z
232,Taylor,Kertzmann,Dermatology,(524) 718-7119 x225,Fannie.Kuphal18@yahoo.com,35,O2wXeop9aP,Surgery,2026-03-15T15:02:18.247Z
233,Harvey,Strosin,Pediatrics,853-963-4934 x73131,Selmer.Brekke82@hotmail.com,11,4xagQwssm3,Outpatient,2026-03-15T15:02:18.247Z
234,Shemar,Krajcik,Dermatology,(925) 780-5086 x474,Alexandra_Goldner35@hotmail.com,3,6zwXe8NDxa,Surgery,2026-03-15T15:02:18.247Z
235,Audra,Ledner,Dermatology,1-339-597-7119,Lorena_Streich@yahoo.com,24,ZHdxdM1jNM,Outpatient,2026-03-15T15:02:18.247Z
236,Hanna,Jacobi,Dermatology,306-542-9157 x232,Margot_Bogisich@gmail.com,24,uMVpAzfcNG,Outpatient,2026-03-15T15:02:18.247Z
237,Lorenzo,Reichert,Neurology,381-795-8423 x422,Roberta.Cole66@gmail.com,37,XmwS9IPQle,Emergency,2026-03-15T15:02:18.247Z
238,Dwayne,Prosacco-Berge,Cardiology,(586) 664-3710 x97684,Noe_Kulas83@hotmail.com,32,PL237pxeAU,General,2026-03-15T15:02:18.247Z
239,Delbert,Wilkinson,Dermatology,1-578-658-4930 x16658,Trystan.Yost-Mraz8@yahoo.com,9,jhdQreq4Ws,Surgery,2026-03-15T15:02:18.247Z
240,Kareem,Hane,Dermatology,895.321.3133,Diane_Murazik54@yahoo.com,23,oiZnu7PFWA,Surgery,2026-03-15T15:02:18.247Z
241,Agnes,Lynch,Cardiology,(350) 252-9069 x664,Audrey76@gmail.com,19,j5Ql5Yen2M,Outpatient,2026-03-15T15:02:18.247Z
242,Cameron,Kub,Orthopedics,1-764-391-9298,Sherman_Kessler94@hotmail.com,8,4Fk8JUa9bk,Emergency,2026-03-15T15:02:18.247Z
243,April,Farrell,Cardiology,1-355-588-9486,Pearlie_Grady66@hotmail.com,24,uaVlDbVICp,Surgery,2026-03-15T15:02:18.247Z
244,Dorcas,Abbott,Dermatology,(672) 217-8610,Toni.Huels@yahoo.com,23,X8ksBJf23D,Surgery,2026-03-15T15:02:18.247Z
245,Macy,Durgan,Orthopedics,426-741-8442,Heidi53@gmail.com,29,BK1wbzJpc3,General,2026-03-15T15:02:18.247Z
246,Mozelle,Hickle,Pediatrics,1-739-555-8192 x251,Lonnie_Pagac@hotmail.com,16,C6Iocs04ya,Surgery,2026-03-15T15:02:18.247Z
247,Velma,Terry,Neurology,1-622-659-9454 x4487,Jack87@yahoo.com,12,ehaAmP4sUl,General,2026-03-15T15:02:18.247Z
248,Mike,Bayer,Neurology,1-604-435-2844,Pauline32@yahoo.com,20,SXcPoFJg8z,Outpatient,2026-03-15T15:02:18.247Z
249,Delia,Little,Dermatology,415.297.2055,Bryant_Kiehn36@gmail.com,37,iqfpFPmpcf,Emergency,2026-03-15T15:02:18.247Z
250,Gilberto,Mueller,Cardiology,1-949-229-2958 x4355,Kelly64@hotmail.com,15,kV7zwimJBK,Surgery,2026-03-15T15:02:18.247Z
